<?xml version="1.0" encoding="utf-8"?>
<extension type="component" version="1.7.0" client="site" method="upgrade">
    <name>com_dropbox</name>
    <author>Stefan Reusch</author>
    <creationDate>19/07/2012</creationDate>
    <copyright>Copyright © 2012, Stefan Reusch, All Rights Reserved.</copyright>
    <license>http://www.gnu.org/copyleft/gpl.html GNU/GPL</license>
    <authorEmail>kenterfie@kenterfie.de</authorEmail>
    <authorUrl>http://www.kenterfie.de</authorUrl>
    <version>1.0.0</version>
    <description></description>
    <files folder="site">
        <filename>dropbox.php</filename>
        <filename>controller.php</filename>
        <filename>helper.php</filename>
        <filename>dropbox.inc.php</filename>
        <filename>JoomlaStorage.php</filename>
        <folder>dropbox</folder>
        <folder>views</folder>
    </files>
    <administration>
        <menu>DropBox Sync</menu>
        <files folder="site">
            <filename>dropbox.php</filename>
            <filename>controller.php</filename>
            <filename>config.xml</filename>
            <folder>views</folder>
        </files>
        <languages folder="admin">			
            <language tag="en-GB">language/en-GB.com_dropbox.ini</language>
            <language tag="en-GB">language/en-GB.com_dropbox.sys.ini</language>
        </languages>
    </administration>
</extension>